s_no,error_type,username,user_id,osm_location_link,changeset_id,changeset_link,osm_object_type,osm_object_id,time_utc,country,detail,hashtag
1,crossing buildings,Walther Botia,13412595,https://www.openstreetmap.org/#map=18/8.769022/-75.851885,184886940,https://www.openstreetmap.org/changeset/184886940,way,1485799209,2026-07-01T00:59:50Z,Colombia,outline crosses way 1538514128 (15% area overlap),tomtomcares
2,crossing buildings,natalicp,24179536,https://www.openstreetmap.org/#map=18/4.240914/-76.019507,184886926,https://www.openstreetmap.org/changeset/184886926,way,1534114056,2026-07-01T00:59:27Z,Colombia,outline crosses way 1534114717 (7% area overlap),tomtomcares
3,feature mapped without primary tag,mariajosegp,24196148,https://www.openstreetmap.org/#map=18/7.604124/-77.387756,184886839,https://www.openstreetmap.org/changeset/184886839,node,2431644987,2026-07-01T00:56:00Z,Colombia,node 2431644987: tags present but none are a primary key: ['source'],tomtomcares
4,feature mapped without primary tag,mariajosegp,24196148,https://www.openstreetmap.org/#map=18/7.604132/-77.387837,184886839,https://www.openstreetmap.org/changeset/184886839,node,2431644988,2026-07-01T00:56:00Z,Colombia,node 2431644988: tags present but none are a primary key: ['source'],tomtomcares
5,feature mapped without primary tag,mariajosegp,24196148,https://www.openstreetmap.org/#map=18/7.604184/-77.387751,184886839,https://www.openstreetmap.org/changeset/184886839,node,2431644990,2026-07-01T00:56:00Z,Colombia,node 2431644990: tags present but none are a primary key: ['source'],tomtomcares
6,feature mapped without primary tag,mariajosegp,24196148,https://www.openstreetmap.org/#map=18/7.604191/-77.387831,184886839,https://www.openstreetmap.org/changeset/184886839,node,2431644992,2026-07-01T00:56:00Z,Colombia,node 2431644992: tags present but none are a primary key: ['source'],tomtomcares
7,feature mapped without primary tag,mariajosegp,24196148,https://www.openstreetmap.org/#map=18/7.604226/-77.387598,184886839,https://www.openstreetmap.org/changeset/184886839,node,2431644995,2026-07-01T00:56:00Z,Colombia,node 2431644995: tags present but none are a primary key: ['source'],tomtomcares
8,feature mapped without primary tag,mariajosegp,24196148,https://www.openstreetmap.org/#map=18/7.604224/-77.387673,184886839,https://www.openstreetmap.org/changeset/184886839,node,2431644996,2026-07-01T00:56:00Z,Colombia,node 2431644996: tags present but none are a primary key: ['source'],tomtomcares
9,feature mapped without primary tag,mariajosegp,24196148,https://www.openstreetmap.org/#map=18/7.604257/-77.387764,184886839,https://www.openstreetmap.org/changeset/184886839,node,2431644999,2026-07-01T00:56:00Z,Colombia,node 2431644999: tags present but none are a primary key: ['source'],tomtomcares
10,feature mapped without primary tag,mariajosegp,24196148,https://www.openstreetmap.org/#map=18/7.604257/-77.387821,184886839,https://www.openstreetmap.org/changeset/184886839,node,2431645000,2026-07-01T00:56:00Z,Colombia,node 2431645000: tags present but none are a primary key: ['source'],tomtomcares
11,feature mapped without primary tag,mariajosegp,24196148,https://www.openstreetmap.org/#map=18/7.604284/-77.387600,184886839,https://www.openstreetmap.org/changeset/184886839,node,2431645001,2026-07-01T00:56:00Z,Colombia,node 2431645001: tags present but none are a primary key: ['source'],tomtomcares
12,feature mapped without primary tag,mariajosegp,24196148,https://www.openstreetmap.org/#map=18/7.604282/-77.387675,184886839,https://www.openstreetmap.org/changeset/184886839,node,2431645002,2026-07-01T00:56:00Z,Colombia,node 2431645002: tags present but none are a primary key: ['source'],tomtomcares
13,feature mapped without primary tag,mariajosegp,24196148,https://www.openstreetmap.org/#map=18/7.604317/-77.386915,184886839,https://www.openstreetmap.org/changeset/184886839,node,2431645006,2026-07-01T00:56:00Z,Colombia,node 2431645006: tags present but none are a primary key: ['source'],tomtomcares
14,feature mapped without primary tag,mariajosegp,24196148,https://www.openstreetmap.org/#map=18/7.604334/-77.386860,184886839,https://www.openstreetmap.org/changeset/184886839,node,2431645011,2026-07-01T00:56:00Z,Colombia,node 2431645011: tags present but none are a primary key: ['source'],tomtomcares
15,feature mapped without primary tag,mariajosegp,24196148,https://www.openstreetmap.org/#map=18/7.604302/-77.387877,184886839,https://www.openstreetmap.org/changeset/184886839,node,2431645012,2026-07-01T00:56:00Z,Colombia,node 2431645012: tags present but none are a primary key: ['source'],tomtomcares
16,feature mapped without primary tag,mariajosegp,24196148,https://www.openstreetmap.org/#map=18/7.604304/-77.387909,184886839,https://www.openstreetmap.org/changeset/184886839,node,2431645013,2026-07-01T00:56:00Z,Colombia,node 2431645013: tags present but none are a primary key: ['source'],tomtomcares
17,feature mapped without primary tag,mariajosegp,24196148,https://www.openstreetmap.org/#map=18/7.604357/-77.386928,184886839,https://www.openstreetmap.org/changeset/184886839,node,2431645014,2026-07-01T00:56:00Z,Colombia,node 2431645014: tags present but none are a primary key: ['source'],tomtomcares
18,feature mapped without primary tag,mariajosegp,24196148,https://www.openstreetmap.org/#map=18/7.604358/-77.387708,184886839,https://www.openstreetmap.org/changeset/184886839,node,2431645016,2026-07-01T00:56:00Z,Colombia,node 2431645016: tags present but none are a primary key: ['source'],tomtomcares
19,feature mapped without primary tag,mariajosegp,24196148,https://www.openstreetmap.org/#map=18/7.604355/-77.387764,184886839,https://www.openstreetmap.org/changeset/184886839,node,2431645017,2026-07-01T00:56:00Z,Colombia,node 2431645017: tags present but none are a primary key: ['source'],tomtomcares
20,feature mapped without primary tag,mariajosegp,24196148,https://www.openstreetmap.org/#map=18/7.604355/-77.387821,184886839,https://www.openstreetmap.org/changeset/184886839,node,2431645018,2026-07-01T00:56:00Z,Colombia,node 2431645018: tags present but none are a primary key: ['source'],tomtomcares
21,feature mapped without primary tag,mariajosegp,24196148,https://www.openstreetmap.org/#map=18/7.604363/-77.387637,184886839,https://www.openstreetmap.org/changeset/184886839,node,2431645020,2026-07-01T00:56:00Z,Colombia,node 2431645020: tags present but none are a primary key: ['source'],tomtomcares
22,feature mapped without primary tag,mariajosegp,24196148,https://www.openstreetmap.org/#map=18/7.604374/-77.386873,184886839,https://www.openstreetmap.org/changeset/184886839,node,2431645023,2026-07-01T00:56:00Z,Colombia,node 2431645023: tags present but none are a primary key: ['source'],tomtomcares
23,feature mapped without primary tag,mariajosegp,24196148,https://www.openstreetmap.org/#map=18/7.604358/-77.387589,184886839,https://www.openstreetmap.org/changeset/184886839,node,2431645025,2026-07-01T00:56:00Z,Colombia,node 2431645025: tags present but none are a primary key: ['source'],tomtomcares
24,feature mapped without primary tag,mariajosegp,24196148,https://www.openstreetmap.org/#map=18/7.604336/-77.387875,184886839,https://www.openstreetmap.org/changeset/184886839,node,2431645026,2026-07-01T00:56:00Z,Colombia,node 2431645026: tags present but none are a primary key: ['source'],tomtomcares
25,feature mapped without primary tag,mariajosegp,24196148,https://www.openstreetmap.org/#map=18/7.604371/-77.387512,184886839,https://www.openstreetmap.org/changeset/184886839,node,2431645027,2026-07-01T00:56:00Z,Colombia,node 2431645027: tags present but none are a primary key: ['source'],tomtomcares
26,feature mapped without primary tag,mariajosegp,24196148,https://www.openstreetmap.org/#map=18/7.604338/-77.387907,184886839,https://www.openstreetmap.org/changeset/184886839,node,2431645028,2026-07-01T00:56:00Z,Colombia,node 2431645028: tags present but none are a primary key: ['source'],tomtomcares
27,feature mapped without primary tag,mariajosegp,24196148,https://www.openstreetmap.org/#map=18/7.604358/-77.387463,184886839,https://www.openstreetmap.org/changeset/184886839,node,2431645029,2026-07-01T00:56:00Z,Colombia,node 2431645029: tags present but none are a primary key: ['source'],tomtomcares
28,feature mapped without primary tag,mariajosegp,24196148,https://www.openstreetmap.org/#map=18/7.604413/-77.387712,184886839,https://www.openstreetmap.org/changeset/184886839,node,2431645030,2026-07-01T00:56:00Z,Colombia,node 2431645030: tags present but none are a primary key: ['source'],tomtomcares
29,feature mapped without primary tag,mariajosegp,24196148,https://www.openstreetmap.org/#map=18/7.604413/-77.387402,184886839,https://www.openstreetmap.org/changeset/184886839,node,2431645031,2026-07-01T00:56:00Z,Colombia,node 2431645031: tags present but none are a primary key: ['source'],tomtomcares
30,feature mapped without primary tag,mariajosegp,24196148,https://www.openstreetmap.org/#map=18/7.604368/-77.387416,184886839,https://www.openstreetmap.org/changeset/184886839,node,2431645032,2026-07-01T00:56:00Z,Colombia,node 2431645032: tags present but none are a primary key: ['source'],tomtomcares
31,feature mapped without primary tag,mariajosegp,24196148,https://www.openstreetmap.org/#map=18/7.604419/-77.387641,184886839,https://www.openstreetmap.org/changeset/184886839,node,2431645037,2026-07-01T00:56:00Z,Colombia,node 2431645037: tags present but none are a primary key: ['source'],tomtomcares
32,feature mapped without primary tag,mariajosegp,24196148,https://www.openstreetmap.org/#map=18/7.604425/-77.387312,184886839,https://www.openstreetmap.org/changeset/184886839,node,2431645038,2026-07-01T00:56:00Z,Colombia,node 2431645038: tags present but none are a primary key: ['source'],tomtomcares
33,feature mapped without primary tag,mariajosegp,24196148,https://www.openstreetmap.org/#map=18/7.604430/-77.387602,184886839,https://www.openstreetmap.org/changeset/184886839,node,2431645041,2026-07-01T00:56:00Z,Colombia,node 2431645041: tags present but none are a primary key: ['source'],tomtomcares
34,feature mapped without primary tag,mariajosegp,24196148,https://www.openstreetmap.org/#map=18/7.604443/-77.387524,184886839,https://www.openstreetmap.org/changeset/184886839,node,2431645046,2026-07-01T00:56:00Z,Colombia,node 2431645046: tags present but none are a primary key: ['source'],tomtomcares
35,feature mapped without primary tag,mariajosegp,24196148,https://www.openstreetmap.org/#map=18/7.604399/-77.387472,184886839,https://www.openstreetmap.org/changeset/184886839,node,2431645047,2026-07-01T00:56:00Z,Colombia,node 2431645047: tags present but none are a primary key: ['source'],tomtomcares
36,feature mapped without primary tag,mariajosegp,24196148,https://www.openstreetmap.org/#map=18/7.604481/-77.387412,184886839,https://www.openstreetmap.org/changeset/184886839,node,2431645050,2026-07-01T00:56:00Z,Colombia,node 2431645050: tags present but none are a primary key: ['source'],tomtomcares
37,feature mapped without primary tag,mariajosegp,24196148,https://www.openstreetmap.org/#map=18/7.604410/-77.387426,184886839,https://www.openstreetmap.org/changeset/184886839,node,2431645051,2026-07-01T00:56:00Z,Colombia,node 2431645051: tags present but none are a primary key: ['source'],tomtomcares
38,feature mapped without primary tag,mariajosegp,24196148,https://www.openstreetmap.org/#map=18/7.604494/-77.387321,184886839,https://www.openstreetmap.org/changeset/184886839,node,2431645052,2026-07-01T00:56:00Z,Colombia,node 2431645052: tags present but none are a primary key: ['source'],tomtomcares
39,feature mapped without primary tag,mariajosegp,24196148,https://www.openstreetmap.org/#map=18/7.604607/-77.387170,184886839,https://www.openstreetmap.org/changeset/184886839,node,2431645059,2026-07-01T00:56:00Z,Colombia,node 2431645059: tags present but none are a primary key: ['source'],tomtomcares
40,feature mapped without primary tag,mariajosegp,24196148,https://www.openstreetmap.org/#map=18/7.604607/-77.387137,184886839,https://www.openstreetmap.org/changeset/184886839,node,2431645060,2026-07-01T00:56:00Z,Colombia,node 2431645060: tags present but none are a primary key: ['source'],tomtomcares
41,feature mapped without primary tag,mariajosegp,24196148,https://www.openstreetmap.org/#map=18/7.604666/-77.387170,184886839,https://www.openstreetmap.org/changeset/184886839,node,2431645065,2026-07-01T00:56:00Z,Colombia,node 2431645065: tags present but none are a primary key: ['source'],tomtomcares
42,feature mapped without primary tag,mariajosegp,24196148,https://www.openstreetmap.org/#map=18/7.604666/-77.387137,184886839,https://www.openstreetmap.org/changeset/184886839,node,2431645066,2026-07-01T00:56:00Z,Colombia,node 2431645066: tags present but none are a primary key: ['source'],tomtomcares
43,feature mapped without primary tag,mariajosegp,24196148,https://www.openstreetmap.org/#map=18/7.604735/-77.387273,184886839,https://www.openstreetmap.org/changeset/184886839,node,2431645075,2026-07-01T00:56:00Z,Colombia,node 2431645075: tags present but none are a primary key: ['source'],tomtomcares
44,feature mapped without primary tag,mariajosegp,24196148,https://www.openstreetmap.org/#map=18/7.604736/-77.387238,184886839,https://www.openstreetmap.org/changeset/184886839,node,2431645076,2026-07-01T00:56:00Z,Colombia,node 2431645076: tags present but none are a primary key: ['source'],tomtomcares
45,feature mapped without primary tag,mariajosegp,24196148,https://www.openstreetmap.org/#map=18/7.604792/-77.387275,184886839,https://www.openstreetmap.org/changeset/184886839,node,2431645083,2026-07-01T00:56:00Z,Colombia,node 2431645083: tags present but none are a primary key: ['source'],tomtomcares
46,feature mapped without primary tag,mariajosegp,24196148,https://www.openstreetmap.org/#map=18/7.604793/-77.387240,184886839,https://www.openstreetmap.org/changeset/184886839,node,2431645084,2026-07-01T00:56:00Z,Colombia,node 2431645084: tags present but none are a primary key: ['source'],tomtomcares
47,feature mapped without primary tag,mariajosegp,24196148,https://www.openstreetmap.org/#map=18/7.604840/-77.387291,184886839,https://www.openstreetmap.org/changeset/184886839,node,2431645088,2026-07-01T00:56:00Z,Colombia,node 2431645088: tags present but none are a primary key: ['source'],tomtomcares
48,feature mapped without primary tag,mariajosegp,24196148,https://www.openstreetmap.org/#map=18/7.604842/-77.387244,184886839,https://www.openstreetmap.org/changeset/184886839,node,2431645089,2026-07-01T00:56:00Z,Colombia,node 2431645089: tags present but none are a primary key: ['source'],tomtomcares
49,feature mapped without primary tag,mariajosegp,24196148,https://www.openstreetmap.org/#map=18/7.604919/-77.387294,184886839,https://www.openstreetmap.org/changeset/184886839,node,2431645095,2026-07-01T00:56:00Z,Colombia,node 2431645095: tags present but none are a primary key: ['source'],tomtomcares
50,feature mapped without primary tag,mariajosegp,24196148,https://www.openstreetmap.org/#map=18/7.604921/-77.387246,184886839,https://www.openstreetmap.org/changeset/184886839,node,2431645096,2026-07-01T00:56:00Z,Colombia,node 2431645096: tags present but none are a primary key: ['source'],tomtomcares
51,feature mapped without primary tag,mariajosegp,24196148,https://www.openstreetmap.org/#map=18/7.604932/-77.387303,184886839,https://www.openstreetmap.org/changeset/184886839,node,2431645097,2026-07-01T00:56:00Z,Colombia,node 2431645097: tags present but none are a primary key: ['source'],tomtomcares
52,feature mapped without primary tag,mariajosegp,24196148,https://www.openstreetmap.org/#map=18/7.604888/-77.387868,184886839,https://www.openstreetmap.org/changeset/184886839,node,2431645098,2026-07-01T00:56:00Z,Colombia,node 2431645098: tags present but none are a primary key: ['source'],tomtomcares
53,feature mapped without primary tag,mariajosegp,24196148,https://www.openstreetmap.org/#map=18/7.604935/-77.387248,184886839,https://www.openstreetmap.org/changeset/184886839,node,2431645099,2026-07-01T00:56:00Z,Colombia,node 2431645099: tags present but none are a primary key: ['source'],tomtomcares
54,feature mapped without primary tag,mariajosegp,24196148,https://www.openstreetmap.org/#map=18/7.604892/-77.387782,184886839,https://www.openstreetmap.org/changeset/184886839,node,2431645100,2026-07-01T00:56:00Z,Colombia,node 2431645100: tags present but none are a primary key: ['source'],tomtomcares
55,feature mapped without primary tag,mariajosegp,24196148,https://www.openstreetmap.org/#map=18/7.604984/-77.387873,184886839,https://www.openstreetmap.org/changeset/184886839,node,2431645105,2026-07-01T00:56:00Z,Colombia,node 2431645105: tags present but none are a primary key: ['source'],tomtomcares
56,feature mapped without primary tag,mariajosegp,24196148,https://www.openstreetmap.org/#map=18/7.605040/-77.387309,184886839,https://www.openstreetmap.org/changeset/184886839,node,2431645106,2026-07-01T00:56:00Z,Colombia,node 2431645106: tags present but none are a primary key: ['source'],tomtomcares
57,feature mapped without primary tag,mariajosegp,24196148,https://www.openstreetmap.org/#map=18/7.604988/-77.387787,184886839,https://www.openstreetmap.org/changeset/184886839,node,2431645107,2026-07-01T00:56:00Z,Colombia,node 2431645107: tags present but none are a primary key: ['source'],tomtomcares
58,feature mapped without primary tag,mariajosegp,24196148,https://www.openstreetmap.org/#map=18/7.605043/-77.387253,184886839,https://www.openstreetmap.org/changeset/184886839,node,2431645109,2026-07-01T00:56:00Z,Colombia,node 2431645109: tags present but none are a primary key: ['source'],tomtomcares
59,feature mapped without primary tag,mariajosegp,24196148,https://www.openstreetmap.org/#map=18/7.605085/-77.387302,184886839,https://www.openstreetmap.org/changeset/184886839,node,2431645119,2026-07-01T00:56:00Z,Colombia,node 2431645119: tags present but none are a primary key: ['source'],tomtomcares
60,feature mapped without primary tag,mariajosegp,24196148,https://www.openstreetmap.org/#map=18/7.605086/-77.387251,184886839,https://www.openstreetmap.org/changeset/184886839,node,2431645120,2026-07-01T00:56:00Z,Colombia,node 2431645120: tags present but none are a primary key: ['source'],tomtomcares
61,feature mapped without primary tag,mariajosegp,24196148,https://www.openstreetmap.org/#map=18/7.605167/-77.387304,184886839,https://www.openstreetmap.org/changeset/184886839,node,2431645127,2026-07-01T00:56:00Z,Colombia,node 2431645127: tags present but none are a primary key: ['source'],tomtomcares
62,feature mapped without primary tag,mariajosegp,24196148,https://www.openstreetmap.org/#map=18/7.605169/-77.387253,184886839,https://www.openstreetmap.org/changeset/184886839,node,2431645128,2026-07-01T00:56:00Z,Colombia,node 2431645128: tags present but none are a primary key: ['source'],tomtomcares
63,feature mapped without primary tag,mariajosegp,24196148,https://www.openstreetmap.org/#map=18/7.605101/-77.387921,184886839,https://www.openstreetmap.org/changeset/184886839,node,2431645129,2026-07-01T00:56:00Z,Colombia,node 2431645129: tags present but none are a primary key: ['source'],tomtomcares
64,feature mapped without primary tag,mariajosegp,24196148,https://www.openstreetmap.org/#map=18/7.605103/-77.387884,184886839,https://www.openstreetmap.org/changeset/184886839,node,2431645130,2026-07-01T00:56:00Z,Colombia,node 2431645130: tags present but none are a primary key: ['source'],tomtomcares
65,feature mapped without primary tag,mariajosegp,24196148,https://www.openstreetmap.org/#map=18/7.605243/-77.387003,184886839,https://www.openstreetmap.org/changeset/184886839,node,2431645131,2026-07-01T00:56:00Z,Colombia,node 2431645131: tags present but none are a primary key: ['source'],tomtomcares
66,feature mapped without primary tag,mariajosegp,24196148,https://www.openstreetmap.org/#map=18/7.605175/-77.387307,184886839,https://www.openstreetmap.org/changeset/184886839,node,2431645132,2026-07-01T00:56:00Z,Colombia,node 2431645132: tags present but none are a primary key: ['source'],tomtomcares
67,feature mapped without primary tag,mariajosegp,24196148,https://www.openstreetmap.org/#map=18/7.605237/-77.387073,184886839,https://www.openstreetmap.org/changeset/184886839,node,2431645133,2026-07-01T00:56:00Z,Colombia,node 2431645133: tags present but none are a primary key: ['source'],tomtomcares
68,feature mapped without primary tag,mariajosegp,24196148,https://www.openstreetmap.org/#map=18/7.605178/-77.387255,184886839,https://www.openstreetmap.org/changeset/184886839,node,2431645134,2026-07-01T00:56:00Z,Colombia,node 2431645134: tags present but none are a primary key: ['source'],tomtomcares
69,feature mapped without primary tag,mariajosegp,24196148,https://www.openstreetmap.org/#map=18/7.605144/-77.387923,184886839,https://www.openstreetmap.org/changeset/184886839,node,2431645135,2026-07-01T00:56:00Z,Colombia,node 2431645135: tags present but none are a primary key: ['source'],tomtomcares
70,feature mapped without primary tag,mariajosegp,24196148,https://www.openstreetmap.org/#map=18/7.605146/-77.387886,184886839,https://www.openstreetmap.org/changeset/184886839,node,2431645136,2026-07-01T00:56:00Z,Colombia,node 2431645136: tags present but none are a primary key: ['source'],tomtomcares
71,feature mapped without primary tag,mariajosegp,24196148,https://www.openstreetmap.org/#map=18/7.605316/-77.387009,184886839,https://www.openstreetmap.org/changeset/184886839,node,2431645137,2026-07-01T00:56:00Z,Colombia,node 2431645137: tags present but none are a primary key: ['source'],tomtomcares
72,feature mapped without primary tag,mariajosegp,24196148,https://www.openstreetmap.org/#map=18/7.605310/-77.387079,184886839,https://www.openstreetmap.org/changeset/184886839,node,2431645139,2026-07-01T00:56:00Z,Colombia,node 2431645139: tags present but none are a primary key: ['source'],tomtomcares
73,feature mapped without primary tag,mariajosegp,24196148,https://www.openstreetmap.org/#map=18/7.605272/-77.387314,184886839,https://www.openstreetmap.org/changeset/184886839,node,2431645141,2026-07-01T00:56:00Z,Colombia,node 2431645141: tags present but none are a primary key: ['source'],tomtomcares
74,feature mapped without primary tag,mariajosegp,24196148,https://www.openstreetmap.org/#map=18/7.605276/-77.387262,184886839,https://www.openstreetmap.org/changeset/184886839,node,2431645143,2026-07-01T00:56:00Z,Colombia,node 2431645143: tags present but none are a primary key: ['source'],tomtomcares
75,feature mapped without primary tag,mariajosegp,24196148,https://www.openstreetmap.org/#map=18/7.605369/-77.387673,184886839,https://www.openstreetmap.org/changeset/184886839,node,2431645148,2026-07-01T00:56:00Z,Colombia,node 2431645148: tags present but none are a primary key: ['source'],tomtomcares
76,feature mapped without primary tag,mariajosegp,24196148,https://www.openstreetmap.org/#map=18/7.605340/-77.387379,184886839,https://www.openstreetmap.org/changeset/184886839,node,2431645149,2026-07-01T00:56:00Z,Colombia,node 2431645149: tags present but none are a primary key: ['source'],tomtomcares
77,feature mapped without primary tag,mariajosegp,24196148,https://www.openstreetmap.org/#map=18/7.605360/-77.387319,184886839,https://www.openstreetmap.org/changeset/184886839,node,2431645153,2026-07-01T00:56:00Z,Colombia,node 2431645153: tags present but none are a primary key: ['source'],tomtomcares
78,feature mapped without primary tag,mariajosegp,24196148,https://www.openstreetmap.org/#map=18/7.605432/-77.387702,184886839,https://www.openstreetmap.org/changeset/184886839,node,2431645154,2026-07-01T00:56:00Z,Colombia,node 2431645154: tags present but none are a primary key: ['source'],tomtomcares
79,feature mapped without primary tag,mariajosegp,24196148,https://www.openstreetmap.org/#map=18/7.605415/-77.387405,184886839,https://www.openstreetmap.org/changeset/184886839,node,2431645155,2026-07-01T00:56:00Z,Colombia,node 2431645155: tags present but none are a primary key: ['source'],tomtomcares
80,feature mapped without primary tag,mariajosegp,24196148,https://www.openstreetmap.org/#map=18/7.605439/-77.387518,184886839,https://www.openstreetmap.org/changeset/184886839,node,2431645156,2026-07-01T00:56:00Z,Colombia,node 2431645156: tags present but none are a primary key: ['source'],tomtomcares
81,feature mapped without primary tag,mariajosegp,24196148,https://www.openstreetmap.org/#map=18/7.605435/-77.387345,184886839,https://www.openstreetmap.org/changeset/184886839,node,2431645157,2026-07-01T00:56:00Z,Colombia,node 2431645157: tags present but none are a primary key: ['source'],tomtomcares
82,feature mapped without primary tag,mariajosegp,24196148,https://www.openstreetmap.org/#map=18/7.605486/-77.387392,184886839,https://www.openstreetmap.org/changeset/184886839,node,2431645158,2026-07-01T00:56:00Z,Colombia,node 2431645158: tags present but none are a primary key: ['source'],tomtomcares
83,feature mapped without primary tag,mariajosegp,24196148,https://www.openstreetmap.org/#map=18/7.605501/-77.387546,184886839,https://www.openstreetmap.org/changeset/184886839,node,2431645159,2026-07-01T00:56:00Z,Colombia,node 2431645159: tags present but none are a primary key: ['source'],tomtomcares
84,feature mapped without primary tag,mariajosegp,24196148,https://www.openstreetmap.org/#map=18/7.605513/-77.387315,184886839,https://www.openstreetmap.org/changeset/184886839,node,2431645160,2026-07-01T00:56:00Z,Colombia,node 2431645160: tags present but none are a primary key: ['source'],tomtomcares
85,feature mapped without primary tag,mariajosegp,24196148,https://www.openstreetmap.org/#map=18/7.605554/-77.387417,184886839,https://www.openstreetmap.org/changeset/184886839,node,2431645161,2026-07-01T00:56:00Z,Colombia,node 2431645161: tags present but none are a primary key: ['source'],tomtomcares
86,feature mapped without primary tag,mariajosegp,24196148,https://www.openstreetmap.org/#map=18/7.605581/-77.387340,184886839,https://www.openstreetmap.org/changeset/184886839,node,2431645162,2026-07-01T00:56:00Z,Colombia,node 2431645162: tags present but none are a primary key: ['source'],tomtomcares
87,duplicated node,AbrilPCastilloSun,24190381,https://www.openstreetmap.org/#map=18/7.373061/-76.911481,184886263,https://www.openstreetmap.org/changeset/184886263,node,13979200960,2026-07-01T00:37:30Z,Colombia,within 0.00m of node 13979200961,tomtomcares
88,duplicated node,N@reth,22041550,https://www.openstreetmap.org/#map=18/2.331965/-72.627918,184885488,https://www.openstreetmap.org/changeset/184885488,node,13979185377,2026-07-01T00:11:39Z,Colombia,within 0.00m of node 13979185382,tomtomcares
89,duplicated node,N@reth,22041550,https://www.openstreetmap.org/#map=18/2.331930/-72.627955,184885488,https://www.openstreetmap.org/changeset/184885488,node,13979185378,2026-07-01T00:11:39Z,Colombia,within 0.00m of node 13979185381,tomtomcares
90,crossing buildings,anabelvalero,24199532,https://www.openstreetmap.org/#map=18/-7.647095/-76.663330,184886921,https://www.openstreetmap.org/changeset/184886921,way,1534113987,2026-07-01T00:59:18Z,Peru,outline crosses way 1554383933 (79% area overlap),tomtomcares
91,duplicated node,SayEscobar,24245441,https://www.openstreetmap.org/#map=18/7.551865/-77.389942,184890787,https://www.openstreetmap.org/changeset/184890787,node,13979381885,2026-07-01T03:19:10Z,Colombia,within 0.00m of node 13979381889,tomtomcares
92,duplicated node,Casillas Gutiérrez Juan Adolfo,24246300,https://www.openstreetmap.org/#map=18/4.731894/-77.160755,184890357,https://www.openstreetmap.org/changeset/184890357,node,13979319285,2026-07-01T03:06:15Z,Colombia,within 0.00m of node 13979333447,tomtomcares
93,duplicated node,Casillas Gutiérrez Juan Adolfo,24246300,https://www.openstreetmap.org/#map=18/4.731865/-77.160723,184890357,https://www.openstreetmap.org/changeset/184890357,node,13979319286,2026-07-01T03:06:15Z,Colombia,within 0.00m of node 13979333448,tomtomcares
94,duplicated node,Casillas Gutiérrez Juan Adolfo,24246300,https://www.openstreetmap.org/#map=18/4.731845/-77.160741,184890357,https://www.openstreetmap.org/changeset/184890357,node,13979319287,2026-07-01T03:06:15Z,Colombia,within 0.00m of node 13979333449,tomtomcares
95,duplicated node,Casillas Gutiérrez Juan Adolfo,24246300,https://www.openstreetmap.org/#map=18/4.731874/-77.160773,184890357,https://www.openstreetmap.org/changeset/184890357,node,13979319288,2026-07-01T03:06:15Z,Colombia,within 0.00m of node 13979333450,tomtomcares
96,duplicated node,SayEscobar,24245441,https://www.openstreetmap.org/#map=18/7.682057/-77.272920,184893086,https://www.openstreetmap.org/changeset/184893086,node,13979620237,2026-07-01T04:38:48Z,Colombia,within 0.00m of node 13979620256,tomtomcares
97,duplicated node,SayEscobar,24245441,https://www.openstreetmap.org/#map=18/7.682084/-77.273019,184893086,https://www.openstreetmap.org/changeset/184893086,node,13979620238,2026-07-01T04:38:48Z,Colombia,within 0.00m of node 13979620255,tomtomcares
98,duplicated node,SayEscobar,24245441,https://www.openstreetmap.org/#map=18/7.681108/-77.272302,184893086,https://www.openstreetmap.org/changeset/184893086,node,13979620308,2026-07-01T04:38:48Z,Colombia,within 0.00m of node 13979620310,tomtomcares
99,feature mapped without primary tag,JoséReyes20,24199007,https://www.openstreetmap.org/#map=18/7.584493/-77.366132,184892821,https://www.openstreetmap.org/changeset/184892821,node,2431644547,2026-07-01T04:31:42Z,Colombia,node 2431644547: tags present but none are a primary key: ['source'],tomtomcares
100,feature mapped without primary tag,JoséReyes20,24199007,https://www.openstreetmap.org/#map=18/7.584533/-77.366057,184892821,https://www.openstreetmap.org/changeset/184892821,node,2431644550,2026-07-01T04:31:42Z,Colombia,node 2431644550: tags present but none are a primary key: ['source'],tomtomcares
101,feature mapped without primary tag,JoséReyes20,24199007,https://www.openstreetmap.org/#map=18/7.584545/-77.366153,184892821,https://www.openstreetmap.org/changeset/184892821,node,2431644551,2026-07-01T04:31:42Z,Colombia,node 2431644551: tags present but none are a primary key: ['source'],tomtomcares
102,feature mapped without primary tag,JoséReyes20,24199007,https://www.openstreetmap.org/#map=18/7.584591/-77.366092,184892821,https://www.openstreetmap.org/changeset/184892821,node,2431644555,2026-07-01T04:31:42Z,Colombia,node 2431644555: tags present but none are a primary key: ['source'],tomtomcares
103,crossing buildings,Erika Diaz P,24245415,https://www.openstreetmap.org/#map=18/4.336269/-75.920225,184886907,https://www.openstreetmap.org/changeset/184886907,way,1534113909,2026-07-01T00:58:44Z,Colombia,outline crosses way 1534119766 (92% area overlap),tomtomcares
104,crossing buildings,Erika Diaz P,24245415,https://www.openstreetmap.org/#map=18/4.340924/-75.918435,184886907,https://www.openstreetmap.org/changeset/184886907,way,1534113911,2026-07-01T00:58:44Z,Colombia,outline crosses way 1534119768 (100% area overlap),tomtomcares
105,crossing buildings,Erika Diaz P,24245415,https://www.openstreetmap.org/#map=18/4.338039/-75.922255,184886907,https://www.openstreetmap.org/changeset/184886907,way,1534113927,2026-07-01T00:58:44Z,Colombia,outline crosses way 1534119767 (97% area overlap),tomtomcares
106,duplicated node,willianc,24241724,https://www.openstreetmap.org/#map=18/4.790343/-77.079614,184909490,https://www.openstreetmap.org/changeset/184909490,node,13980246860,2026-07-01T11:47:39Z,Colombia,within 0.00m of node 13980246861,tomtomcares
107,duplicated node,willianc,24241724,https://www.openstreetmap.org/#map=18/4.790343/-77.079614,184909490,https://www.openstreetmap.org/changeset/184909490,node,13980246860,2026-07-01T11:47:39Z,Colombia,within 0.00m of node 13980246862,tomtomcares
108,duplicated node,willianc,24241724,https://www.openstreetmap.org/#map=18/4.790343/-77.079614,184909490,https://www.openstreetmap.org/changeset/184909490,node,13980246861,2026-07-01T11:47:39Z,Colombia,within 0.00m of node 13980246862,tomtomcares
109,duplicated node,Jeffersongt94,24179807,https://www.openstreetmap.org/#map=18/-7.326022/-76.783519,184915869,https://www.openstreetmap.org/changeset/184915869,node,13980611053,2026-07-01T13:55:30Z,Peru,within 0.04m of node 13980611055,tomtomcares
110,feature mapped without primary tag,volmonlibre,24197912,https://www.openstreetmap.org/#map=18/7.591749/-77.380599,184916934,https://www.openstreetmap.org/changeset/184916934,node,2431644770,2026-07-01T14:16:18Z,Colombia,node 2431644770: tags present but none are a primary key: ['source'],tomtomcares
111,feature mapped without primary tag,volmonlibre,24197912,https://www.openstreetmap.org/#map=18/7.591812/-77.380645,184916934,https://www.openstreetmap.org/changeset/184916934,node,2431644773,2026-07-01T14:16:18Z,Colombia,node 2431644773: tags present but none are a primary key: ['source'],tomtomcares
112,feature mapped without primary tag,volmonlibre,24197912,https://www.openstreetmap.org/#map=18/7.591819/-77.380503,184916934,https://www.openstreetmap.org/changeset/184916934,node,2431644774,2026-07-01T14:16:18Z,Colombia,node 2431644774: tags present but none are a primary key: ['source'],tomtomcares
113,feature mapped without primary tag,volmonlibre,24197912,https://www.openstreetmap.org/#map=18/7.591882/-77.380549,184916934,https://www.openstreetmap.org/changeset/184916934,node,2431644775,2026-07-01T14:16:18Z,Colombia,node 2431644775: tags present but none are a primary key: ['source'],tomtomcares
114,duplicated node,Diana Garces,24244196,https://www.openstreetmap.org/#map=18/8.457626/-80.297789,184921430,https://www.openstreetmap.org/changeset/184921430,node,13980835500,2026-07-01T15:31:22Z,Panama,within 0.02m of node 13980842401,tomtomcares
115,duplicated node,ceci97,24244334,https://www.openstreetmap.org/#map=18/6.704624/-77.488348,184932320,https://www.openstreetmap.org/changeset/184932320,node,13981256696,2026-07-01T18:46:53Z,Colombia,within 0.00m of node 13981256698,tomtomcares
116,duplicated node,LGAP,24244453,https://www.openstreetmap.org/#map=18/0.970797/-69.950547,184931339,https://www.openstreetmap.org/changeset/184931339,node,13981272616,2026-07-01T18:26:05Z,Colombia,within 0.01m of node 13981272618,tomtomcares
117,building inside building,eluzai,24243957,https://www.openstreetmap.org/#map=18/7.274637/-76.841721,184886871,https://www.openstreetmap.org/changeset/184886871,way,1534113844,2026-07-01T00:57:26Z,Colombia,fully contained with/containing way 1534120078,tomtomcares
118,unclear changeset comment,MaEugeniaMunoz,24255613,https://www.openstreetmap.org/#map=18/-6.388522/-76.633336,184944386,https://www.openstreetmap.org/changeset/184944386,changeset,184944386,2026-07-01T23:48:18Z,Peru,changeset 184944386: comment too short to be informative: 'EDIFICIO',tomtomcares
119,dense node cluster,Lo_re,24244946,https://www.openstreetmap.org/#map=18/3.633170/-70.327195,184945686,https://www.openstreetmap.org/changeset/184945686,node,13981802405,2026-07-02T00:34:31Z,Colombia,16 new nodes packed within ~1.0m of each other -- possible accidental or junk mass node creation,tomtomcares
120,dense node cluster,Lo_re,24244946,https://www.openstreetmap.org/#map=18/3.633517/-70.327085,184945686,https://www.openstreetmap.org/changeset/184945686,node,13981802449,2026-07-02T00:34:31Z,Colombia,19 new nodes packed within ~1.0m of each other -- possible accidental or junk mass node creation,tomtomcares
121,dense node cluster,Lo_re,24244946,https://www.openstreetmap.org/#map=18/3.633517/-70.327085,184945686,https://www.openstreetmap.org/changeset/184945686,node,13981802449,2026-07-02T00:34:31Z,Colombia,19 new nodes packed within ~1.0m of each other -- possible accidental or junk mass node creation,tomtomcares
122,dense node cluster,Lo_re,24244946,https://www.openstreetmap.org/#map=18/3.633517/-70.327085,184945686,https://www.openstreetmap.org/changeset/184945686,node,13981802449,2026-07-02T00:34:31Z,Colombia,19 new nodes packed within ~1.0m of each other -- possible accidental or junk mass node creation,tomtomcares
123,dense node cluster,Lo_re,24244946,https://www.openstreetmap.org/#map=18/3.633517/-70.327085,184945686,https://www.openstreetmap.org/changeset/184945686,node,13981802449,2026-07-02T00:34:31Z,Colombia,19 new nodes packed within ~1.0m of each other -- possible accidental or junk mass node creation,tomtomcares
124,dense node cluster,Lo_re,24244946,https://www.openstreetmap.org/#map=18/3.633515/-70.327174,184945686,https://www.openstreetmap.org/changeset/184945686,node,13981802455,2026-07-02T00:34:31Z,Colombia,19 new nodes packed within ~1.0m of each other -- possible accidental or junk mass node creation,tomtomcares
125,dense node cluster,Lo_re,24244946,https://www.openstreetmap.org/#map=18/3.633515/-70.327174,184945686,https://www.openstreetmap.org/changeset/184945686,node,13981802455,2026-07-02T00:34:31Z,Colombia,19 new nodes packed within ~1.0m of each other -- possible accidental or junk mass node creation,tomtomcares
126,dense node cluster,Lo_re,24244946,https://www.openstreetmap.org/#map=18/3.633515/-70.327174,184945686,https://www.openstreetmap.org/changeset/184945686,node,13981802455,2026-07-02T00:34:31Z,Colombia,19 new nodes packed within ~1.0m of each other -- possible accidental or junk mass node creation,tomtomcares
127,dense node cluster,Lo_re,24244946,https://www.openstreetmap.org/#map=18/3.633515/-70.327174,184945686,https://www.openstreetmap.org/changeset/184945686,node,13981802455,2026-07-02T00:34:31Z,Colombia,19 new nodes packed within ~1.0m of each other -- possible accidental or junk mass node creation,tomtomcares
128,dense node cluster,Lo_re,24244946,https://www.openstreetmap.org/#map=18/3.633256/-70.327090,184945686,https://www.openstreetmap.org/changeset/184945686,node,13981802492,2026-07-02T00:34:31Z,Colombia,19 new nodes packed within ~1.0m of each other -- possible accidental or junk mass node creation,tomtomcares
129,dense node cluster,Lo_re,24244946,https://www.openstreetmap.org/#map=18/3.633256/-70.327089,184945686,https://www.openstreetmap.org/changeset/184945686,node,13981802478,2026-07-02T00:34:31Z,Colombia,15 new nodes packed within ~1.0m of each other -- possible accidental or junk mass node creation,tomtomcares
130,dense node cluster,Lo_re,24244946,https://www.openstreetmap.org/#map=18/3.633256/-70.327090,184945686,https://www.openstreetmap.org/changeset/184945686,node,13981802492,2026-07-02T00:34:31Z,Colombia,19 new nodes packed within ~1.0m of each other -- possible accidental or junk mass node creation,tomtomcares
131,dense node cluster,Lo_re,24244946,https://www.openstreetmap.org/#map=18/3.633256/-70.327089,184945686,https://www.openstreetmap.org/changeset/184945686,node,13981802478,2026-07-02T00:34:31Z,Colombia,15 new nodes packed within ~1.0m of each other -- possible accidental or junk mass node creation,tomtomcares
132,dense node cluster,Lo_re,24244946,https://www.openstreetmap.org/#map=18/2.524437/-72.618624,184946957,https://www.openstreetmap.org/changeset/184946957,node,13981874583,2026-07-02T01:15:41Z,Colombia,15 new nodes packed within ~1.0m of each other -- possible accidental or junk mass node creation,tomtomcares
133,dense node cluster,Lo_re,24244946,https://www.openstreetmap.org/#map=18/2.524435/-72.618626,184946957,https://www.openstreetmap.org/changeset/184946957,node,13981874581,2026-07-02T01:15:41Z,Colombia,16 new nodes packed within ~1.0m of each other -- possible accidental or junk mass node creation,tomtomcares
134,dense node cluster,Lo_re,24244946,https://www.openstreetmap.org/#map=18/2.524435/-72.618624,184946957,https://www.openstreetmap.org/changeset/184946957,node,13981874581,2026-07-02T01:15:41Z,Colombia,19 new nodes packed within ~1.0m of each other -- possible accidental or junk mass node creation,tomtomcares
135,crossing buildings,Eddd Camilo Moreno,24245476,https://www.openstreetmap.org/#map=18/7.438801/-77.270240,184886787,https://www.openstreetmap.org/changeset/184886787,way,1534113452,2026-07-01T00:53:49Z,Colombia,outline crosses way 1442055240 (45% area overlap),tomtomcares
136,duplicated node,meldpa,24179540,https://www.openstreetmap.org/#map=18/2.507782/-72.586431,184952698,https://www.openstreetmap.org/changeset/184952698,node,13982092866,2026-07-02T04:48:17Z,Colombia,within 0.00m of node 13982092876,tomtomcares
137,duplicated node,meldpa,24179540,https://www.openstreetmap.org/#map=18/2.507805/-72.586431,184952698,https://www.openstreetmap.org/changeset/184952698,node,13982092869,2026-07-02T04:48:17Z,Colombia,within 0.00m of node 13982092874,tomtomcares
138,duplicated node,meldpa,24179540,https://www.openstreetmap.org/#map=18/2.507781/-72.586374,184952698,https://www.openstreetmap.org/changeset/184952698,node,13982092873,2026-07-02T04:48:17Z,Colombia,within 0.00m of node 13982092875,tomtomcares
139,duplicated node,meldpa,24179540,https://www.openstreetmap.org/#map=18/3.456046/-74.030291,184951903,https://www.openstreetmap.org/changeset/184951903,node,13982087156,2026-07-02T04:21:58Z,Colombia,within 0.00m of node 13982087171,tomtomcares
140,duplicated node,meldpa,24179540,https://www.openstreetmap.org/#map=18/3.456079/-74.030212,184951903,https://www.openstreetmap.org/changeset/184951903,node,13982087157,2026-07-02T04:21:58Z,Colombia,within 0.00m of node 13982087174,tomtomcares
141,duplicated node,meldpa,24179540,https://www.openstreetmap.org/#map=18/3.456034/-74.030192,184951903,https://www.openstreetmap.org/changeset/184951903,node,13982087158,2026-07-02T04:21:58Z,Colombia,within 0.00m of node 13982087175,tomtomcares
142,duplicated node,meldpa,24179540,https://www.openstreetmap.org/#map=18/3.456072/-74.030231,184951903,https://www.openstreetmap.org/changeset/184951903,node,13982087162,2026-07-02T04:21:58Z,Colombia,within 0.00m of node 13982087173,tomtomcares
143,duplicated node,meldpa,24179540,https://www.openstreetmap.org/#map=18/3.456059/-74.030259,184951903,https://www.openstreetmap.org/changeset/184951903,node,13982087163,2026-07-02T04:21:58Z,Colombia,within 0.00m of node 13982087172,tomtomcares
144,duplicated node,meldpa,24179540,https://www.openstreetmap.org/#map=18/3.456010/-74.030276,184951903,https://www.openstreetmap.org/changeset/184951903,node,13982087169,2026-07-02T04:21:58Z,Colombia,within 0.00m of node 13982087170,tomtomcares
145,duplicated node,meldpa,24179540,https://www.openstreetmap.org/#map=18/3.468163/-74.021835,184951392,https://www.openstreetmap.org/changeset/184951392,node,13981983447,2026-07-02T04:05:42Z,Colombia,within 0.00m of node 13981983457,tomtomcares
146,duplicated node,meldpa,24179540,https://www.openstreetmap.org/#map=18/3.468017/-74.021867,184951392,https://www.openstreetmap.org/changeset/184951392,node,13981983450,2026-07-02T04:05:42Z,Colombia,within 0.00m of node 13981983456,tomtomcares
147,duplicated node,meldpa,24179540,https://www.openstreetmap.org/#map=18/3.468141/-74.021735,184951392,https://www.openstreetmap.org/changeset/184951392,node,13981983451,2026-07-02T04:05:42Z,Colombia,within 0.00m of node 13981983455,tomtomcares
148,duplicated node,N@reth,22041550,https://www.openstreetmap.org/#map=18/4.260526/-75.926689,184953279,https://www.openstreetmap.org/changeset/184953279,node,13982141468,2026-07-02T05:07:50Z,Colombia,within 0.02m of node 13982141472,tomtomcares
